averageVehicleSpeed;averageDistanceHeadway;percentageLongVehicles;vehicleFlow;occupancy
106;56;24;1020;8
117;73;0;600;3
103;69;29;420;4
73;255;0;60;0
37;255;0;60;1
120;255;0;120;0
118;55;0;180;0
95;39;0;2220;12
110;152;0;480;2
81;64;6;1200;10
101;207;25;480;4
113;107;15;480;2
112;255;16;360;2
97;148;46;660;8
99;99;19;960;8
115;255;13;480;3
116;140;8;720;4
93;86;33;1080;10
96;255;33;180;2
127;120;0;540;2
103;68;24;1260;10
91;50;50;1200;15
68;75;20;600;7
95;100;50;480;5
125;153;0;360;1
94;255;0;180;1
78;255;0;240;2
90;201;15;420;3
53;36;11;540;8
34;27;17;720;13
60;42;9;660;8
92;119;0;780;5
96;255;0;1380;8
71;154;0;420;2
88;83;25;960;7
93;93;0;900;5
107;151;14;900;7
107;255;0;1260;7
47;133;0;120;1
125;255;0;720;3
98;150;29;480;4
111;160;0;120;0
52;75;100;60;6
73;54;0;1260;11
119;86;0;180;0
95;114;9;660;6
139;255;0;60;0
118;255;0;360;2
109;255;0;420;2
117;255;0;120;1
120;255;12;540;3
103;76;19;660;4
98;94;0;1020;9
102;173;34;180;1
97;134;58;420;6
112;255;0;240;1
58;64;14;420;5
114;255;17;360;3
42;21;34;180;3
68;72;10;600;6
153;255;0;60;0
111;176;0;480;3
93;255;0;60;0
140;255;0;60;0
121;166;10;600;4
118;130;0;780;3
129;255;0;60;0
103;117;42;720;8
115;184;0;240;0
119;135;15;780;5
131;217;0;180;0
108;126;12;540;3
110;95;12;1020;7
131;145;0;240;1
89;255;100;120;2
119;109;0;480;2
105;128;9;660;4
164;214;0;300;1
129;192;20;300;2
80;167;34;180;2
130;106;0;1140;6
122;163;0;120;0
100;96;0;960;5
96;119;0;480;2
125;134;15;420;2
94;255;0;120;0
82;30;0;180;0
59;22;25;480;7
92;103;37;660;7
94;49;12;540;3
120;203;34;180;1
100;255;50;120;1
111;97;0;600;3
83;255;100;60;1
99;105;27;900;8
53;195;0;300;3
67;35;6;960;7
70;53;0;960;8
36;37;9;660;10
59;44;10;1200;13
79;42;4;1320;10
50;255;0;60;1
42;27;0;120;1
115;255;0;240;1
102;50;27;660;5
127;255;0;300;1
137;255;0;120;0
84;93;0;840;5
67;70;0;780;7
98;142;11;540;4
122;255;0;360;2
117;183;0;300;1
126;255;0;60;0
84;255;0;120;1
69;37;25;240;3
83;106;0;60;0
51;63;19;660;11
98;255;0;120;1
53;255;100;60;1
60;255;100;60;1
38;255;0;60;0
162;255;0;300;1
97;105;0;960;5
120;98;0;180;0
127;255;0;60;0
101;114;0;900;5
92;116;19;660;6
123;255;0;120;0
108;110;0;660;3
83;82;10;600;5
60;134;17;420;4
80;114;0;480;3
119;255;0;180;1
174;255;0;60;0
93;143;43;420;4
95;98;58;840;12
109;166;0;60;0
114;255;38;480;5
104;80;12;1080;8
116;255;0;300;1
70;55;22;1140;11
81;83;7;900;6
109;56;25;480;4
118;37;0;120;0
125;177;15;420;2
129;255;0;60;0
107;42;10;600;3
109;73;23;1200;8
114;79;5;1260;6
98;73;34;360;4
89;233;0;180;1
93;140;0;240;1
90;184;17;360;3
56;97;13;540;6
117;255;0;180;1
101;175;0;360;2
125;222;0;420;2
119;70;12;540;4
116;228;0;180;0
102;183;40;360;3
128;255;0;180;1
29;56;0;300;6
107;165;50;360;4
93;158;0;420;3
94;255;0;120;0
96;173;0;540;4
106;255;0;60;0
79;255;0;60;0
75;111;12;540;5
90;255;100;60;1
82;44;8;1680;15
69;43;23;1320;14
66;69;6;1020;9
108;167;50;420;2
123;255;0;120;0
134;255;0;60;0
112;26;0;420;2
31;30;0;120;1
126;56;0;300;1
114;53;9;660;4
58;106;0;240;3
111;203;25;480;4
130;135;0;180;0
93;115;24;780;7
98;60;50;600;8
94;255;0;180;1
126;58;0;300;1
145;255;50;120;0
123;157;40;600;5
92;142;62;480;6
118;175;0;480;2
89;122;72;480;6
126;255;0;60;0
88;255;0;60;0
113;119;0;180;0
107;91;0;360;2
119;255;0;60;0
111;255;0;480;2
135;194;0;180;0
98;105;19;960;6
87;103;28;660;6
111;175;0;240;1
66;25;0;480;4
45;74;17;360;6
86;85;6;960;7
91;70;28;1260;12
72;84;0;600;5
104;255;100;120;1
122;255;0;240;1
56;70;12;540;5
176;255;0;60;1
109;117;0;180;0
77;81;20;660;5
90;145;0;660;3
80;81;43;840;9
88;156;20;300;2
90;88;0;660;4
96;110;12;480;3
96;136;0;540;3
87;69;14;900;7
97;128;15;420;3
116;81;0;360;1
115;255;0;120;1
106;198;0;540;5
7;30;0;240;50
72;245;40;300;3
111;185;0;240;1
122;18;0;240;1
111;87;20;600;5
107;177;40;300;3
98;115;16;780;6
113;255;100;360;2
124;60;0;480;2
45;35;0;420;4
106;62;6;1020;6
112;53;8;780;4
127;105;0;120;0
92;64;60;600;7
89;255;0;60;0
87;255;40;300;4
79;185;29;420;5
112;255;25;240;2
87;40;28;660;7
99;45;0;1740;9
109;66;30;600;5
113;42;0;1680;7
117;31;0;240;1
173;255;0;60;0
108;60;9;720;5
91;79;65;840;13
118;202;0;420;2
99;107;34;720;6
40;255;0;180;2
108;124;0;720;4
84;70;0;1020;6
73;101;0;240;2
100;198;60;300;3
54;255;0;180;3
119;162;15;420;3
107;255;60;300;4
110;255;20;300;3
146;255;0;180;1
103;66;43;420;4
95;110;50;720;11
112;145;0;600;7
120;175;20;300;1
102;182;15;420;3
109;152;40;600;5
115;101;0;240;1
62;95;0;660;7
127;255;0;60;0
113;179;0;360;2
99;213;0;120;0
116;182;25;480;4
133;181;0;240;1
106;89;24;1020;8
91;154;34;360;3
114;49;29;420;3
122;141;10;600;3
118;171;0;420;2
67;46;18;1140;11
85;95;10;660;5
72;69;14;960;8
79;78;0;540;3
18;22;10;600;24
51;51;10;600;7
93;84;50;960;11
115;153;0;480;2
99;131;45;540;6
76;176;0;360;2
84;52;0;1380;11
126;255;0;120;1
93;122;0;720;5
110;255;17;360;3
110;58;0;1020;5
116;255;0;240;2
86;51;0;1200;8
82;68;10;660;5
111;255;0;240;2
64;94;10;600;7
76;135;0;120;0
97;251;0;180;0
131;255;0;60;0
105;81;10;600;3
118;55;0;360;1
108;154;13;480;3
101;225;50;120;1
126;255;0;60;0
133;255;0;120;0
119;231;20;300;2
55;149;20;300;3
81;89;31;900;8
58;133;34;360;7
111;255;33;180;2
113;255;0;60;0
109;194;0;420;2
127;179;0;120;0
124;255;20;300;2
147;255;0;300;1
130;58;0;240;1
73;255;0;120;1
117;68;23;540;4
104;72;0;720;4
92;58;12;540;4
122;239;0;120;0
108;45;0;540;3
123;255;0;60;0
119;255;0;240;1
80;50;34;1440;20
96;58;8;1560;19
115;255;0;300;2
119;255;0;60;0
65;255;0;180;2
44;33;20;300;4
91;76;7;1020;7
99;65;5;1260;8
119;105;0;840;4
97;12;0;300;1
103;156;29;420;4
132;191;0;240;1
115;130;10;600;4
123;255;0;360;2
114;139;0;900;5
87;99;60;600;9
106;117;0;300;1
89;100;0;720;4
101;51;20;900;7
134;255;0;60;0
98;188;13;480;4
89;107;0;600;3
93;255;15;420;4
120;232;0;300;2
110;121;0;840;5
98;47;0;1260;8
98;47;0;1260;8
93;59;17;720;5
126;74;0;60;0
114;129;8;720;4
93;74;7;900;7
108;80;15;420;2
138;255;0;60;0
53;36;20;1200;15
41;167;0;480;7
90;255;50;240;3
111;255;0;180;1
85;255;0;60;0
90;143;23;540;6
95;194;0;180;1
120;255;0;120;1
98;76;28;1080;10
113;63;0;1560;7
100;64;10;1320;9
127;154;10;660;3
106;255;43;420;5
109;55;11;1680;13
131;117;0;480;2
79;110;50;720;7
73;33;3;1740;13
59;58;19;660;7
73;37;0;540;4
109;43;10;1860;16
93;39;12;960;6
92;38;14;1800;16
79;37;10;1680;15
110;255;20;300;2
68;45;0;360;3
142;255;0;120;1
90;75;18;1020;9
104;116;0;780;5
109;68;0;720;3
68;63;31;780;11
83;199;0;240;1
40;153;0;120;1
115;135;0;720;4
141;255;0;120;1
86;83;60;900;12
112;44;0;480;2
103;99;7;960;6
93;66;46;780;8
111;175;25;240;2
136;223;0;420;1
102;127;33;720;6
92;172;67;180;2
98;255;100;180;100
95;126;50;840;11
115;255;0;360;2
90;239;67;180;2
120;255;0;120;0
109;72;0;1260;7
89;93;0;900;6
94;43;7;1860;13
81;72;11;1020;8
90;67;10;1200;9
96;255;0;60;0
98;248;25;360;2
89;68;0;480;3
99;143;12;540;4
107;90;30;1020;9
118;173;0;360;2
105;195;34;360;3
89;60;22;840;7
104;50;25;480;3
90;60;24;780;6
119;144;38;480;4
137;255;0;180;0
85;55;27;1380;20
86;42;15;1620;19
123;37;0;240;1
99;38;10;600;4
115;182;0;360;2
115;255;0;120;0
126;244;0;300;1
108;157;0;300;1
34;147;0;120;1
76;160;0;360;2
69;59;0;840;7
59;65;23;600;7
120;180;0;360;1
106;85;0;1020;12
105;178;25;480;4
65;233;0;180;1
112;89;0;960;10
111;255;0;420;2
150;137;0;600;4
105;129;28;660;6
106;84;0;1200;16
114;195;25;240;1
67;131;0;180;2
146;205;100;600;4
135;255;100;120;1
73;204;0;300;2
50;154;25;360;5
114;197;0;120;0
93;144;38;480;4
116;57;8;840;4
109;49;5;1260;8
90;51;50;240;2
102;58;0;840;5
101;108;25;720;6
119;84;10;660;3
122;255;0;60;0
112;255;0;60;0
92;114;27;660;6
105;157;45;540;4
103;142;20;600;4
39;31;25;240;5
39;68;0;600;8
38;255;0;60;1
101;64;6;1140;7
112;67;0;600;4
48;69;20;300;5
67;255;100;60;2
113;255;0;120;1
167;61;90;600;2
146;64;50;720;6
114;190;0;300;1
89;165;80;300;4
141;255;0;60;0
123;255;0;180;0
107;180;43;420;4
101;150;42;720;9
97;255;0;60;0
110;170;25;240;2
104;46;7;1860;12
95;55;32;1320;14
78;70;7;960;7
91;134;23;540;5
100;87;0;960;5
121;145;0;420;2
119;197;0;240;1
104;119;0;720;4
117;171;0;120;0
82;67;0;300;2
88;255;66;180;2
63;42;0;540;5
103;122;10;600;4
74;255;0;60;0
112;133;10;660;4
96;48;38;480;5
113;99;0;120;0
97;28;0;360;2
103;255;0;120;0
131;218;100;360;4
177;255;0;180;0
112;255;0;120;1
116;165;19;660;6
90;255;0;120;0
75;83;9;780;6
110;223;0;180;1
100;119;30;600;5
87;96;25;720;8
98;183;0;300;1
100;161;38;480;4
116;111;0;360;1
107;219;40;300;2
100;172;40;300;2
121;210;0;120;0
133;255;0;120;0
114;112;0;1020;6
137;120;0;180;0
50;219;0;120;1
110;64;20;300;2
83;67;0;960;9
97;110;0;900;8
117;255;20;300;2
103;255;0;240;1
82;102;9;720;5
84;61;10;660;5
125;255;0;60;0
96;175;34;360;3
72;48;0;480;4
131;142;0;720;3
105;61;0;1320;7
101;92;22;900;7
86;56;35;1200;13
115;224;0;240;0
109;122;0;540;2
103;255;50;120;1
100;132;0;360;6
105;102;0;480;2
80;107;0;780;8
97;129;64;840;12
105;91;16;360;2
133;255;0;60;0
99;124;34;720;6
87;51;0;1500;12
122;222;25;240;2
89;255;34;180;2
116;255;0;60;0
117;255;0;60;0
75;53;0;1140;11
106;255;0;300;2
122;57;0;300;1
105;54;10;660;3
40;54;0;60;0
116;155;0;300;2
99;138;34;720;7
90;52;0;660;4
92;157;85;420;5
86;44;34;360;4
46;40;0;780;10
49;255;0;120;1
119;104;9;660;4
125;90;0;180;0
100;49;5;2040;10
125;144;0;600;2
86;64;10;1260;6
46;132;0;240;1
41;55;0;420;4
39;121;0;420;3
117;182;16;720;4
97;103;20;900;6
118;255;0;120;0
117;108;6;960;5
108;233;20;300;2
120;175;0;360;100
139;255;0;120;0
107;110;8;840;6
136;255;0;120;1
79;44;0;1560;12
85;43;5;1200;9
102;171;25;240;1
66;43;17;1020;12
77;49;6;1140;9
94;103;0;660;4
78;65;6;1080;9
123;255;0;60;0
98;90;24;780;6
71;246;0;240;2
113;93;0;1200;11
111;65;25;480;3
107;173;58;420;6
98;118;16;720;6
122;77;25;720;4
114;178;16;360;2
108;171;15;480;4
57;32;0;660;26
74;255;0;60;0
131;255;0;360;2
157;255;0;60;0
55;44;0;360;4
76;44;33;180;2
147;255;0;60;0
108;228;0;480;3
89;255;0;180;0
63;70;0;180;1
69;85;10;660;7
81;139;0;480;3
52;53;8;900;10
61;47;12;960;15
119;255;0;240;1
102;221;0;480;3
97;239;0;180;0
91;167;15;420;3
97;255;0;120;0
75;28;10;1200;10
106;255;0;180;1
116;255;17;360;3
91;89;24;780;7
107;90;5;1140;6
133;255;0;60;0
93;59;5;1200;8
76;65;7;960;9
84;108;13;480;4
94;110;67;780;10
104;241;0;180;1
85;208;34;360;4
99;255;0;60;0
77;149;50;120;1
78;161;0;240;1
90;139;0;300;2
96;65;16;720;4
92;90;10;1200;8
103;255;0;180;1
92;182;13;480;4
69;255;0;120;1
110;96;0;420;2
98;175;13;480;3
95;255;0;120;0
110;250;29;420;4
97;60;15;1260;9
61;255;0;60;1
87;43;15;780;5
98;44;11;1080;7
123;64;0;360;1
104;255;40;300;3
112;120;0;840;4
97;72;10;1440;7
72;122;100;240;5
87;59;8;2100;6
95;83;57;960;12
109;136;10;660;6
99;95;0;780;5
118;108;0;240;1
101;86;0;1080;6
104;68;0;1320;7
87;94;8;780;6
95;66;54;780;10
31;43;19;660;24
86;80;0;1020;8
13;9;0;840;52
99;61;0;1620;10
101;77;34;360;3
89;48;8;1500;11
87;73;6;900;7
46;40;0;1020;10
57;151;0;420;3
125;232;0;60;0
110;107;7;960;6
116;238;0;480;3
87;71;7;1080;7
100;178;0;420;1
115;255;0;240;1
106;223;0;480;3
29;93;0;120;2
95;179;25;300;2
116;189;34;180;1
61;177;0;120;1
79;109;10;600;4
84;96;0;480;3
69;163;34;180;1
125;255;0;120;0
76;118;0;240;2
77;134;0;480;4
96;117;0;780;9
86;166;0;240;54
131;154;0;240;1
91;213;43;420;5
104;152;58;480;4
94;156;23;540;5
77;128;0;540;4
117;134;0;120;0
84;255;0;60;0
109;255;0;180;1
106;206;13;480;5
104;121;29;840;8
123;171;0;360;1
107;184;17;360;2
127;130;0;300;1
74;255;0;180;1
110;189;67;180;3
118;255;60;300;4
48;163;0;240;3
107;255;0;420;3
109;255;0;180;1
115;134;0;480;2
136;255;0;180;1
123;177;0;420;2
103;255;40;300;3
95;68;19;1080;12
97;118;0;840;6
103;129;28;660;6
89;90;60;600;8
118;98;8;840;4
92;120;0;720;5
103;110;0;960;6
89;63;5;1200;9
101;63;20;600;4
99;181;20;300;2
96;104;0;720;5
77;255;0;60;0
83;74;0;1140;9
94;80;23;1080;10
104;118;0;840;5
118;214;0;360;1
108;129;30;600;5
81;64;0;1260;10
74;122;0;480;4
97;48;7;1860;10
113;46;0;1860;8
101;103;46;780;9
126;255;0;180;1
116;141;0;960;5
89;34;14;900;7
97;196;0;240;1
122;194;0;420;2
81;90;24;780;8
28;56;15;420;11
126;165;0;300;1
108;108;0;900;5
100;75;0;900;5
90;255;0;60;0
100;255;0;60;0
124;255;0;240;0
70;71;0;360;3
109;236;15;420;3
107;219;0;480;3
130;125;0;120;1
43;255;0;60;1
100;154;58;420;4
125;196;0;360;1
109;255;0;60;0
103;124;38;480;4
110;255;0;420;3
113;255;0;60;0
83;151;17;360;3
86;84;0;1020;8
81;167;0;540;4
118;175;20;300;1
104;121;36;840;9
107;232;0;360;2
131;255;0;120;0
85;156;0;540;6
110;142;12;540;3
101;147;56;540;7
128;255;0;180;1
114;255;15;420;3
76;157;0;60;0
112;255;0;180;1
94;126;15;420;7
133;206;0;240;1
54;73;100;60;0
77;255;0;60;0
70;173;0;420;6
82;255;0;300;2
129;255;0;240;1
103;146;10;600;3
111;255;34;180;2
126;255;0;60;0
94;255;33;180;1
80;146;33;540;7
110;255;0;60;0
98;100;0;240;1
62;255;0;120;1
85;38;13;480;4
25;33;0;540;13
93;255;0;240;3
108;159;0;480;2
97;75;0;600;3
79;64;4;1320;8
74;104;7;840;7
125;255;0;60;0
104;84;0;900;4
84;96;19;720;5
75;180;15;420;5
105;113;0;780;4
87;87;7;960;6
105;224;20;300;2
97;166;0;300;1
101;255;50;240;3
119;43;0;360;1
99;113;8;780;5
101;117;46;660;7
108;255;0;120;1
65;43;0;420;4
91;173;23;540;5
42;64;0;600;8
110;81;7;900;6
124;255;0;120;1
74;147;0;240;1
109;255;34;360;3
111;151;0;300;1
99;138;12;540;4
83;255;0;120;0
112;255;0;360;2
114;255;17;360;2
88;69;0;1200;9
108;211;0;300;1
58;121;0;300;3
81;91;9;780;6
67;79;0;600;4
93;91;0;960;7
105;173;0;360;2
104;149;0;600;3
76;254;0;180;1
129;255;0;120;0
51;37;0;1140;12
76;99;16;720;6
38;31;0;480;6
117;112;0;600;3
129;242;0;240;0
105;116;36;840;7
111;116;0;960;4
91;75;67;1080;15
101;64;0;1680;7
99;126;37;660;7
106;255;50;240;3
71;182;20;300;3
132;145;0;240;1
116;255;0;60;0
75;255;0;60;0
147;255;0;60;0
112;157;23;540;4
117;133;20;600;3
89;102;91;660;10
117;202;0;240;1
116;202;14;420;1
109;113;8;840;4
86;77;32;960;10
102;149;34;540;4
115;147;0;660;4
125;145;0;120;0
121;134;0;420;2
89;74;12;1020;8
114;182;0;300;1
97;115;43;840;10
119;197;15;420;3
52;35;0;420;3
110;178;0;360;2
108;132;0;240;1
131;255;0;60;0
122;255;20;300;2
139;255;0;120;0
90;75;43;900;10
108;127;8;780;5
121;152;75;480;6
72;102;50;600;7
81;74;0;360;2
155;255;0;60;0
109;255;25;240;2
66;132;0;60;0
70;55;13;960;10
120;95;0;240;1
59;16;33;180;1
123;255;0;60;0
125;162;0;420;2
59;207;0;360;2
100;108;20;300;1
110;112;40;600;5
60;96;0;540;5
109;113;25;240;2
101;156;0;480;3
94;132;15;420;2
52;100;34;360;7
52;8;0;180;1
54;211;34;180;3
119;192;0;120;0
96;159;0;480;3
146;255;0;60;0
81;120;0;600;4
117;255;0;120;0
107;219;0;240;1
118;211;0;360;2
135;255;0;120;0
88;255;0;60;0
105;116;10;600;4
68;48;67;180;3
130;255;0;60;0
117;255;20;300;3
65;79;10;660;6
61;72;13;660;6
137;255;0;60;0
117;210;34;180;1
116;78;0;1260;6
107;100;7;1020;6
93;87;13;960;7
102;108;55;660;4
95;120;55;660;3
119;140;0;180;1
98;218;0;300;2
89;101;8;900;6
93;127;0;480;3
67;91;0;480;3
122;255;0;360;2
100;40;34;180;1
116;51;0;540;2
83;71;36;840;8
96;70;10;1260;8
119;105;0;780;4
111;158;0;480;3
129;60;0;1200;8
81;255;0;180;1
38;79;13;480;9
94;132;0;480;3
114;78;0;960;5
99;76;25;960;9
102;66;0;1320;8
118;125;0;480;2
47;85;22;540;5
123;255;0;120;1
107;255;50;480;5
100;71;5;1260;8
108;152;0;540;3
119;164;0;240;1
91;130;86;420;6
95;80;0;1080;7
69;214;0;420;6
73;255;0;120;1
129;255;0;240;1
118;249;25;480;4
97;236;0;180;1
82;209;50;240;2
66;65;0;720;4
84;93;0;300;2
120;255;0;120;0
115;141;10;600;4
91;255;100;180;1
75;88;77;780;10
91;34;4;1920;13
81;35;0;1800;13
76;52;7;960;8
83;36;18;1740;17
92;62;0;1320;9
102;105;0;900;5
103;214;25;480;4
87;106;17;720;7
106;154;0;480;2
67;137;0;420;8
93;174;0;240;2
96;255;0;120;1
27;182;0;180;3
101;73;0;960;7
118;21;12;480;2
123;255;0;60;0
96;137;0;540;3
114;142;0;540;2
197;255;0;60;0
84;144;43;420;5
102;255;0;60;0
143;80;0;660;6
111;255;0;60;0
129;196;0;360;1
70;162;0;300;2
117;228;23;540;4
134;255;0;240;1
98;126;23;600;3
105;114;0;120;0
38;40;0;360;4
14;2;0;60;0
32;128;0;180;2
60;228;34;180;3
108;128;28;660;6
122;255;0;120;0
101;255;0;180;1
107;242;38;480;5
111;180;0;540;3
73;152;0;120;1
80;43;4;1740;12
90;40;4;1620;12
74;55;0;900;6
119;255;0;60;0
107;104;20;420;4
114;196;0;360;8
107;136;45;540;6
127;121;0;360;1
82;43;10;600;4
91;72;43;420;4
110;48;0;540;2
101;67;24;1140;8
52;255;0;60;0
107;106;12;480;3
71;79;0;720;6
162;255;0;180;1
123;189;27;660;5
93;181;25;480;4
104;89;6;1020;6
119;91;0;1080;5
110;60;23;540;3
127;25;0;180;0
53;107;0;480;5
101;68;0;780;6
115;32;0;780;4
106;183;50;240;2
103;131;46;660;7
114;144;0;540;2
98;149;50;120;1
108;171;29;420;4
78;29;8;1560;9
117;253;0;480;3
93;50;22;1140;9
133;255;0;120;1
91;209;50;360;5
61;91;12;540;8
108;81;12;1080;7
61;255;0;180;2
79;83;0;840;7
115;255;0;420;2
122;169;0;240;1
91;80;0;1020;7
75;55;10;1140;9
85;82;39;780;8
104;87;0;900;5
122;255;0;60;0
105;175;0;600;4
94;55;5;1320;10
100;155;38;480;5
126;255;0;240;1
114;103;0;720;4
112;255;0;120;0
100;211;50;360;4
114;147;10;600;3
76;51;21;1380;13
72;87;5;1140;11
77;115;0;540;3
62;56;0;1020;9
74;170;0;240;1
121;197;0;420;2
101;255;50;240;3
107;255;50;120;1
109;63;23;540;4
103;217;20;360;2
100;97;18;960;6
125;151;0;360;1
88;29;0;120;1
50;38;0;300;3
113;117;30;600;5
90;98;0;720;4
123;255;0;120;0
117;70;10;660;3
98;51;0;1260;7
63;72;0;780;7
124;140;0;480;2
87;61;10;660;4
60;69;0;840;10
68;65;0;1020;12
70;40;5;1440;10
84;92;0;780;5
106;103;25;720;6
115;244;0;240;1
115;55;0;120;0
122;205;0;300;1
147;255;0;60;0
120;255;0;120;1
108;255;40;300;3
107;255;0;60;0
113;163;13;480;3
130;255;0;120;1
107;198;0;480;4
109;204;34;540;5
121;255;0;300;2
98;69;13;960;6
115;169;0;720;7
108;236;0;420;2
91;49;7;900;6
114;128;0;420;2
103;55;0;540;3
70;151;0;300;2
73;39;10;1320;12
93;99;34;720;7
55;129;25;240;3
106;55;0;1440;8
124;99;0;840;3
115;68;0;1500;8
127;150;0;300;1
124;148;17;840;3
104;255;25;240;2
97;152;17;720;6
67;230;0;180;1
106;255;25;240;2
99;126;25;480;3
111;193;34;360;3
131;255;0;60;0
130;168;0;540;2
144;255;0;60;0
127;191;0;540;2
114;56;0;420;4
114;31;0;120;0
121;255;0;120;0
121;225;14;420;3
101;66;25;720;6
132;255;0;240;2
54;109;0;360;4
153;255;0;60;0
58;155;0;240;2
122;193;0;240;1
109;115;9;720;4
99;149;0;480;3
116;255;50;120;1
173;255;0;60;0
89;132;50;480;6
133;255;0;240;1
101;121;17;720;5
111;97;16;360;2
118;255;34;180;2
96;127;50;720;9
119;161;0;240;1
100;249;15;420;3
98;87;30;1200;10
111;116;0;360;1
104;46;0;1020;5
114;255;34;180;2
77;36;15;1320;11
87;59;6;1140;8
62;68;7;960;9
60;49;12;1020;10
115;45;0;360;1
105;27;29;480;29
117;34;0;480;2
145;255;0;180;1
125;255;15;420;3
110;147;0;600;3
132;255;0;120;0
108;255;0;60;0
87;94;34;720;8
145;255;0;60;0
108;178;15;420;3
78;107;22;540;5
108;75;20;300;2
105;96;7;780;5
91;65;9;1260;10
76;40;3;1740;14
75;255;75;240;3
104;136;36;660;6
102;255;0;180;1
82;255;34;360;4
103;195;66;180;2
124;255;0;180;1
42;255;0;60;1
100;70;34;420;3
22;30;0;480;8
123;111;0;180;0
114;138;12;540;3
103;161;13;480;3
80;122;0;600;4
95;9;0;120;0
76;55;4;1380;11
90;71;0;1200;8
56;191;0;120;0
108;82;13;1080;7
126;136;8;780;4
109;97;29;840;7
123;140;0;180;0
56;48;0;480;5
105;110;10;720;4
86;49;20;1320;11
111;142;34;540;4
136;224;0;120;0
69;251;0;120;1
99;47;0;1200;6
86;43;12;1560;10
70;32;3;2040;16
99;61;0;840;4
64;125;34;360;5
110;195;17;360;3
83;47;0;1380;9
124;163;0;180;0
67;39;0;1200;9
94;159;0;360;2
75;255;100;180;4
109;184;40;300;2
120;255;0;60;0
89;115;0;420;2
92;67;16;1140;9
75;118;0;600;4
121;104;0;480;2
110;119;0;240;1
83;161;33;360;5
100;99;59;720;10
100;255;50;120;1
115;210;0;420;3
129;255;0;120;1
96;203;0;300;1
94;55;18;1620;12
75;44;12;1500;13
111;124;7;840;5
123;98;0;180;0
135;186;0;180;1
115;101;0;720;3
107;80;27;960;8
52;255;0;180;1
75;60;0;1080;7
103;139;25;480;4
93;118;0;600;3
124;155;0;240;1
79;38;0;1200;6
83;81;8;840;5
66;36;35;1200;12
92;255;16;360;2
78;103;30;780;8
126;249;0;180;1
110;240;15;420;3
161;255;0;240;2
111;46;17;360;2
130;255;0;60;0
104;143;24;780;6
112;185;0;240;1
95;119;18;660;4
103;255;40;300;4
91;95;0;420;5
103;255;0;180;1
98;249;0;420;4
111;169;40;600;6
132;255;0;240;1
144;75;10;720;3
79;23;0;300;2
75;56;0;480;3
86;149;12;540;5
123;255;0;60;0
125;255;0;180;1
123;255;0;120;0
59;51;7;780;8
53;34;21;1140;17
40;70;0;540;5
52;255;0;120;1
76;73;0;480;2
103;125;40;600;6
96;156;34;360;4
63;29;3;1920;18
76;37;0;1740;13
117;255;0;120;0
116;255;17;360;3
37;255;0;240;3
48;25;8;1380;19
84;164;34;180;2
73;55;15;840;6
78;22;15;420;3
99;255;17;360;3
81;153;25;240;2
101;255;50;360;5
83;255;0;180;1
81;86;100;960;13
83;61;0;1020;6
74;80;0;600;4
73;41;0;1380;11
60;37;0;240;2
77;62;6;1140;10
85;69;0;1260;7
124;255;0;420;2
99;142;0;480;3
98;146;29;420;4
109;100;0;180;0
106;255;0;300;2
88;255;0;240;1
95;178;12;540;4
43;93;0;360;4
71;43;29;420;6
114;246;29;420;4
48;255;0;120;0
49;17;11;1680;27
122;80;0;120;0
130;255;0;120;1
106;107;17;360;2
140;255;0;120;1
126;255;0;240;1
109;76;6;1020;6
92;149;88;480;8
49;19;5;1980;21
113;255;0;360;2
118;255;0;120;0
59;245;34;180;3
111;43;10;600;3
84;106;28;660;6
102;54;34;540;5
103;255;0;120;0
90;142;67;540;7
85;187;0;360;2
96;166;23;540;4
76;114;0;600;6
80;80;13;960;8
92;255;0;360;2
116;177;0;240;1
99;118;10;660;4
107;70;29;1560;10
97;91;31;960;9
66;197;0;360;2
116;97;5;1140;6
108;113;0;540;2
103;72;0;1380;7
96;119;0;840;5
115;156;0;240;1
102;198;0;300;1
101;164;0;720;6
119;213;0;720;4
112;225;0;360;2
100;125;0;780;4
103;226;50;360;3
109;212;25;480;4
114;255;25;240;2
123;255;0;300;2
122;255;67;180;2
103;222;0;180;1
95;162;0;600;6
118;130;0;540;2
103;177;63;480;5
116;255;0;300;2
90;255;16;360;3
99;140;45;540;6
94;121;20;600;5
123;255;0;60;0
112;124;0;600;3
118;255;0;120;1
113;186;0;240;1
74;30;2;2220;19
88;44;9;1860;13
66;31;10;1800;20
35;81;0;360;7
108;107;17;720;5
122;198;0;240;1
104;119;28;840;7
118;138;0;540;2
109;95;34;180;1
178;255;0;300;1
128;255;0;420;3
112;38;0;300;1
94;197;0;240;1
103;255;0;120;1
99;255;67;180;3
112;48;0;660;3
91;50;13;960;8
109;65;0;1260;6
80;173;0;60;0
102;255;0;300;1
69;39;0;300;2
69;57;0;300;2
110;219;38;480;5
127;255;0;120;1
108;133;15;420;2
94;55;18;1020;9
89;69;11;1140;9
92;161;20;300;2
92;166;0;600;3
90;47;0;1500;19
115;69;0;360;1
99;67;25;720;6
111;146;0;120;0
105;176;25;480;4
100;223;0;180;1
91;105;0;780;6
41;118;20;300;5
43;255;0;120;1
91;198;84;360;7
134;255;0;120;1
102;160;16;780;5
101;255;0;180;1
102;255;0;480;5
112;165;10;660;5
112;255;0;300;1
94;132;0;660;3
113;221;33;180;0
98;153;0;480;3
86;157;25;480;4
162;255;0;60;0
79;255;0;180;1
115;199;0;240;2
141;91;0;60;0
63;238;0;240;2
92;55;0;300;2
78;217;43;420;5
63;151;0;540;4
73;159;100;120;2
98;70;30;1020;11
116;91;0;900;5
92;255;0;60;0
82;187;34;180;2
105;130;0;540;2
120;236;0;240;1
74;68;67;180;1
127;168;0;120;0
104;170;25;240;2
101;165;0;300;1
84;166;0;360;2
72;61;0;960;10
73;50;18;1020;9
85;114;8;780;7
124;100;0;60;0
110;105;7;780;4
83;255;34;180;2
65;76;0;780;9
98;35;0;1680;10
59;102;0;480;4
76;55;35;1200;13
126;255;0;120;0
122;82;0;240;1
113;140;0;600;3
94;126;56;540;7
68;255;0;120;0
103;255;34;360;3
109;56;0;600;3
104;255;0;120;1
97;186;40;300;3
113;173;25;240;2
88;72;0;1140;8
114;132;13;480;3
108;147;0;600;3
80;183;0;360;2
90;122;12;540;4
119;255;0;60;0
95;234;100;60;1
105;129;0;120;0
109;119;8;780;5
116;80;0;120;0
86;255;15;420;4
83;255;0;60;0
92;155;12;540;5
95;160;0;480;3
81;177;0;420;2
107;61;0;1200;7
97;56;0;1560;10
113;252;25;480;4
87;57;6;1200;9
104;123;50;720;9
116;255;0;360;2
91;169;75;480;5
125;255;0;60;0
96;255;100;60;0
106;255;0;300;2
83;176;0;420;3
140;255;0;60;0
97;115;17;360;3
96;255;0;60;0
96;137;8;780;6
107;247;0;480;3
115;142;0;180;0
100;134;9;660;4
144;255;0;60;0
128;180;0;480;2
97;126;50;360;4
131;255;0;120;1
113;255;28;420;3
96;85;47;900;10
114;92;0;720;4
105;255;0;60;0
98;176;67;360;5
130;255;0;60;0
108;255;0;60;0
174;255;0;120;1
148;255;0;420;3
141;255;0;120;1
110;227;34;540;5
110;255;0;360;2
103;186;40;300;4
122;255;0;60;1
70;38;4;1380;9
107;105;14;900;6
59;38;0;660;5
98;82;0;600;3
58;37;4;1500;13
109;63;12;540;3
142;74;0;120;0
138;255;0;60;0
57;255;0;60;1
135;255;0;120;1
107;238;50;360;5
78;125;0;600;5
123;131;12;540;5
68;34;0;300;2
101;255;50;240;3
55;136;0;300;3
34;58;50;240;5
113;164;0;660;4
107;20;0;120;1
44;145;0;300;4
79;121;0;600;4
112;125;0;840;5
95;79;0;120;0
111;255;0;120;0
37;58;0;600;10
117;255;0;120;1
99;157;0;840;6
120;157;0;300;1
98;175;60;360;4
107;255;0;60;0
81;72;0;1140;9
86;70;0;1200;9
82;41;4;1920;10
74;57;0;840;6
97;255;0;180;1
33;119;0;240;9
96;72;0;480;3
98;110;0;180;1
98;186;60;360;4
114;220;0;240;1
51;32;0;780;7
107;92;17;1080;7
121;102;0;1200;5
138;131;0;720;3
104;191;29;420;3
49;255;0;60;0
90;120;0;300;2
103;207;12;540;5
129;255;0;180;1
129;159;0;540;2
137;160;0;240;0
114;162;25;480;3
92;255;100;180;2
84;55;24;780;7
115;49;5;1380;7
93;47;0;1560;9
59;27;19;660;9
44;15;67;180;5
98;96;0;360;2
48;36;0;1620;22
125;131;0;360;1
119;209;0;180;1
106;180;13;480;3
115;255;0;120;0
108;147;0;300;1
106;255;34;180;1
99;152;64;660;9
105;255;0;60;0
86;185;34;420;4
102;133;12;540;3
121;211;0;300;1
100;133;12;540;3
72;36;44;1500;22
105;184;15;420;3
109;135;20;600;5
121;137;0;540;2
117;31;34;180;1
108;131;23;540;5
120;137;0;420;2
120;255;0;180;0
108;80;29;420;3
112;151;20;600;5
110;41;34;240;2
96;75;80;300;4
127;104;0;120;0
103;59;0;600;3
74;255;0;60;0
46;15;0;180;2
105;158;38;540;5
124;235;0;180;0
71;59;7;900;8
57;66;0;600;6
74;97;0;600;5
96;83;0;960;6
98;255;67;360;5
142;255;0;60;0
121;145;0;480;2
101;88;0;900;5
78;97;67;480;9
91;94;0;540;4
91;56;5;1620;8
93;90;34;960;9
82;255;0;60;0
81;137;10;600;5
105;183;34;360;2
99;255;0;120;0
58;96;12;480;6
81;235;0;300;2
118;73;0;1320;7
76;159;25;480;7
102;227;0;180;1
121;255;0;120;1
82;174;25;480;5
102;255;40;300;4
93;237;0;60;0
130;122;0;180;1
141;255;0;60;0
157;66;50;120;0
129;219;0;240;1
58;217;0;240;2
52;221;0;240;2
110;91;11;1080;9
88;112;50;720;10
104;63;27;1140;9
91;97;24;780;7
38;124;34;180;4
105;95;11;540;4
81;99;30;780;10
128;206;0;240;1
119;134;0;720;3
102;105;0;540;3
94;140;0;480;2
90;138;20;300;3
48;133;0;300;3
115;77;0;1260;7
112;255;0;240;1
72;208;0;420;3
83;151;0;600;4
144;255;0;180;1
118;216;12;540;3
148;255;0;120;1
74;255;50;120;2
100;255;67;360;5
118;255;0;180;1
79;214;0;360;4
100;36;17;720;6
148;255;0;180;0
128;139;16;780;5
79;94;0;720;5
64;134;0;420;5
70;40;0;1680;15
60;125;0;120;1
42;18;0;240;3
89;146;0;600;4
112;237;0;480;3
131;255;0;120;0
90;255;100;240;4
104;84;0;1200;8
87;137;0;600;7
105;197;20;300;1
82;71;18;960;8
73;90;0;780;7
95;255;0;120;0
113;255;17;360;3
98;46;0;960;4
92;127;84;720;12
104;197;60;300;2
79;255;67;180;3
165;255;0;120;4
134;192;0;420;6
70;65;0;600;5
78;48;0;840;6
90;47;0;1260;8
45;63;0;600;13
78;45;27;1080;12
111;94;16;360;2
97;46;0;840;5
115;128;0;600;3
85;40;8;1500;16
85;105;82;660;12
83;97;23;540;5
115;60;0;420;2
108;66;13;960;7
90;82;67;900;12
125;162;0;300;1
106;100;8;780;5
103;52;34;720;6
114;67;17;360;2
52;32;6;1080;14
127;128;0;960;4
102;90;29;840;7
48;44;29;900;13
100;98;0;840;5
91;73;42;1020;11
80;55;5;1200;10
97;59;15;1320;9
108;91;0;1080;6
100;137;60;600;7
128;48;15;420;2
109;77;25;480;3
75;45;5;1380;10
95;85;0;180;0
72;66;6;1080;7
111;225;0;480;3
90;57;0;1440;7
119;255;0;60;0
116;162;12;540;3
66;55;0;960;8
103;49;0;1200;6
85;63;0;840;6
73;54;5;1260;10
85;43;5;1440;9
80;59;0;1080;8
87;66;0;540;3
82;255;0;60;1
96;73;26;900;8
106;45;0;660;3
108;67;19;660;5
110;226;0;240;1
105;194;0;360;2
133;255;0;120;0
84;58;6;1140;8
102;154;0;480;2
124;215;0;420;2
133;255;0;60;0
108;254;25;240;2
56;69;0;240;3
68;255;50;240;3
118;65;0;180;0
103;175;0;240;1
126;138;0;300;1
109;62;34;180;2
85;136;25;240;1
110;126;16;720;6
68;208;0;300;2
61;181;0;120;1
118;130;0;780;4
82;95;0;900;7
140;255;0;240;1
103;255;50;240;3
121;255;0;60;0
92;158;0;780;5
107;210;0;120;0
95;199;67;180;1
135;134;0;120;0
114;165;20;660;4
116;53;20;600;3
98;255;50;120;1
128;58;0;180;0
106;149;25;480;4
65;179;20;300;3
122;255;0;60;0
78;52;0;120;0
102;171;0;300;1
123;117;0;660;3
134;111;37;840;4
127;217;34;180;1
87;126;34;720;6
108;171;43;480;4
107;77;0;1080;5
119;255;0;120;0
62;255;0;60;0
87;101;0;720;4
113;255;40;300;3
101;250;50;360;5
95;53;5;1440;9
69;39;5;1440;12
76;49;0;1380;10
90;40;0;1620;11
58;255;0;120;1
112;48;15;420;2
92;48;22;840;7
60;117;0;300;2
103;159;60;300;4
127;255;0;60;0
111;255;20;300;2
139;255;0;120;0
118;255;0;60;0
129;255;0;120;2
101;211;25;240;2
119;255;0;60;0
79;71;0;1080;7
67;26;10;1800;16
68;56;9;720;7
118;24;0;180;0
113;89;22;540;3
98;50;0;1680;10
106;78;0;1140;6
77;140;0;120;0
70;89;0;600;4
85;116;20;660;6
85;36;0;840;4
120;255;0;60;0
126;255;0;60;0
110;43;0;120;0
79;154;0;240;1
103;173;0;300;1
60;38;5;1500;12
65;101;20;300;3
137;255;0;120;0
75;37;0;1500;10
93;107;29;420;4
107;193;0;300;1
113;31;0;120;0
100;117;0;660;4
101;100;50;360;3
91;140;28;660;7
101;183;20;300;2
110;255;0;180;2
92;59;25;720;7
81;90;0;900;8
69;68;20;300;4
106;225;0;420;2
79;132;12;540;4
97;74;0;1260;9
111;73;0;1440;9
91;91;0;1020;7
96;52;7;1740;12
117;115;14;420;2
106;103;6;960;5
89;75;8;1440;13
99;255;0;420;3
108;255;0;240;2
123;136;0;300;1
98;198;40;360;3
84;88;4;1260;13
78;187;20;300;3
78;113;34;180;2
117;68;0;240;0
89;119;13;480;3
75;78;24;780;7
96;88;47;780;9
115;92;9;720;4
133;255;0;60;0
88;132;40;600;7
114;109;13;960;5
115;174;0;360;2
126;197;0;360;1
118;255;0;420;2
105;109;0;840;8
97;105;59;720;8
98;75;0;1080;6
109;105;17;720;5
113;158;0;240;1
127;154;0;360;1
127;68;0;180;0
109;255;0;180;1
87;92;60;900;11
95;76;11;1140;8
106;144;0;660;7
71;255;0;300;3
103;255;50;240;3
114;166;0;600;5
85;73;9;1260;10
47;41;0;420;2
74;72;9;1320;15
33;38;0;480;6
28;26;0;480;8
101;78;17;360;2
79;59;34;180;1
109;255;0;180;1
117;86;0;120;0
106;255;0;360;4
97;255;34;180;1
102;255;50;240;3
108;156;0;120;0
41;83;0;480;7
48;166;0;240;3
108;59;50;120;1
103;55;34;540;4
53;20;0;120;1
28;27;0;840;28
65;63;0;600;3
85;34;0;1920;14
113;81;0;960;9
72;31;0;1740;15
81;144;0;420;8
131;229;0;60;0
106;82;0;660;6
104;255;0;300;2
118;84;0;1020;9
133;164;0;480;4
93;228;15;420;3
114;255;25;240;2
116;114;0;600;2
94;116;8;780;5
99;67;0;1320;7
84;98;47;900;11
103;255;0;60;0
106;255;50;120;1
109;69;0;660;3
92;61;23;1320;12
116;111;23;540;4
112;151;0;660;3
123;255;50;120;0
41;255;0;60;0
41;67;37;480;7
94;220;0;300;2
114;162;29;420;3
36;147;34;180;4
128;172;0;300;1
129;255;0;60;0
120;226;0;540;2
117;204;0;360;2
103;167;43;420;4
113;181;10;660;5
115;255;0;120;0
107;143;13;480;3
111;255;34;180;2
103;255;0;180;1
61;255;0;180;2
81;200;29;420;5
98;102;0;900;6
109;50;0;2160;9
91;63;43;1200;10
96;72;55;660;7
42;48;10;660;10
43;33;17;360;6
120;255;0;60;0
96;193;34;180;1
71;34;6;900;7
79;41;17;1380;13
99;43;0;1200;7
103;255;50;120;1
127;255;0;60;0
115;177;43;420;4
118;255;0;120;0
114;176;16;360;1
108;129;0;780;3
101;71;50;480;5
66;44;0;60;0
100;170;17;360;3
125;244;0;180;0
89;123;38;780;10
100;172;12;480;3
108;255;0;240;1
98;180;60;600;8
129;255;0;120;1
123;255;0;60;0
143;255;0;60;0
125;143;0;60;0
111;196;75;240;2
113;122;0;540;3
90;73;6;1020;7
94;56;5;1440;10
59;255;66;180;4
126;183;0;420;2
102;111;50;600;7
113;39;10;600;4
121;85;0;300;1
81;39;0;1980;13
103;77;0;1320;7
75;98;0;780;6
112;255;0;60;0
81;59;15;1260;13
101;93;9;660;4
105;118;10;600;4
123;151;20;720;4
120;166;11;540;3
110;146;0;480;2
125;255;0;60;0
125;95;0;180;0
98;188;40;300;2
95;159;0;480;3
129;255;0;180;1
102;255;40;300;3
119;115;0;540;2
108;255;25;240;2
108;77;0;1200;7
137;255;0;60;0
86;147;0;480;2
104;105;25;1080;6
145;255;0;120;0
130;255;0;120;1
112;185;13;480;3
96;255;0;60;0
88;148;34;180;2
111;92;0;540;2
90;76;0;1080;8
106;117;0;480;2
104;255;20;300;3
76;78;8;840;7
110;135;10;600;3
65;82;0;660;6
135;255;0;60;0
131;114;0;300;1
113;107;17;360;2
87;125;0;420;3
90;164;0;480;7
120;132;0;420;1
126;255;0;300;1
109;168;45;600;4
73;111;0;9;4
94;96;64;720;9
82;136;0;540;6
116;82;0;660;3
49;92;0;120;1
121;135;0;240;0
106;92;11;540;3
100;171;34;180;1
99;255;0;60;0
123;255;0;240;1
108;116;13;480;2
92;214;25;480;5
99;255;20;300;2
96;255;0;60;0
79;71;38;960;10
189;255;100;60;1
96;87;9;780;5
111;179;0;180;0
105;143;28;660;5
85;71;34;1080;11
138;255;0;180;1
32;75;0;480;10
105;172;33;540;5
86;70;20;1260;11
121;91;0;240;1
89;148;0;600;4
109;255;0;60;0
108;192;25;240;3
105;190;20;300;3
116;79;0;1320;9
134;75;0;1680;11
114;255;0;240;1
102;191;0;480;2
92;155;45;540;5
127;255;0;60;0
40;106;17;360;9
95;197;75;240;3
80;25;0;2280;18
77;43;14;1380;13
116;255;34;360;4
105;88;0;480;2
93;137;0;540;3
29;39;0;360;8
37;47;8;780;13
105;255;0;60;0
86;200;20;300;2
95;118;50;600;7
103;171;34;180;1
110;194;0;240;1
93;160;43;420;6
74;123;0;540;4
77;255;0;120;0
95;123;59;720;9
107;121;16;780;7
115;133;0;540;4
100;125;59;720;10
94;52;0;480;3
73;53;29;1020;10
83;47;5;1140;8
100;92;20;300;2
127;255;100;480;7
98;148;63;480;8
85;255;100;60;93
86;99;0;240;1
94;100;22;840;7
107;255;0;60;0
81;78;16;780;6
66;244;50;120;1
121;255;0;240;1
109;173;0;360;3
62;109;0;420;4
111;255;0;60;0
133;114;0;660;4
123;255;0;120;0
115;175;0;720;4
100;255;0;600;2
117;255;0;600;2
87;87;12;1080;9
110;121;0;480;2
136;235;0;60;0
56;255;0;60;1
15;77;25;240;17
110;71;0;780;3
118;70;0;180;0
95;52;36;1140;11
88;110;17;720;6
138;255;0;300;2
52;191;0;240;3
85;56;24;1260;12
98;36;7;1920;13
117;131;0;540;2
101;147;10;660;4
103;145;0;780;6
124;104;0;900;4
100;129;28;660;5
140;255;0;120;0
117;217;34;360;3
83;151;0;540;6
51;60;0;540;5
51;48;0;720;7
128;255;0;180;1
104;31;0;300;1
99;226;63;480;8
99;119;0;960;6
117;255;0;120;1
74;180;100;180;1
115;255;0;300;2
82;93;0;360;3
73;70;0;1020;8
82;182;0;180;1
90;92;7;960;7
76;85;10;600;7
90;136;0;240;1
103;240;0;360;2
96;79;0;540;2
97;116;0;660;3
80;57;20;1080;11
105;86;7;900;5
78;102;0;780;5
95;89;14;900;7
54;37;0;120;1
97;171;0;480;2
56;48;0;120;1
115;126;22;840;6
147;255;0;60;0
104;125;0;540;6
52;129;0;360;4
85;192;0;480;8
102;255;0;60;0
94;67;12;540;4
120;56;0;720;3
95;133;58;420;5
101;49;8;1620;11
115;41;0;1860;10
95;86;20;900;7
124;255;0;60;0
106;187;38;480;6
74;255;0;60;0
113;255;0;60;0
96;255;0;120;2
97;121;20;660;6
119;120;13;480;3
125;130;0;120;0
103;49;0;1620;9
103;112;0;660;3
82;51;5;1320;10
100;78;0;1080;5
42;192;0;60;1
84;54;0;1380;8
71;63;0;840;5
137;137;0;480;2
119;94;0;1080;5
112;150;19;660;5
96;196;34;180;2
87;146;50;480;6
96;212;0;480;4
103;255;0;60;0
111;255;0;120;0
108;91;6;900;5
122;158;0;240;1
82;39;57;1020;16
91;75;71;1140;15
120;182;0;480;2
101;49;4;1680;8
100;70;17;1080;9
90;36;46;1440;16
116;195;0;180;0
82;100;0;720;5
118;123;0;420;2
96;70;27;1140;11
104;143;12;480;3
116;139;0;180;0
103;147;72;420;5
94;138;0;360;2
83;37;21;1740;16
147;255;0;60;2
130;137;10;600;10
72;39;0;1560;8
135;73;0;720;5
95;112;35;840;7
115;148;0;660;4
121;255;0;120;0
99;188;13;480;3
116;101;0;840;4
23;131;50;120;5
77;80;17;360;3
102;65;20;300;2
81;84;16;900;7
121;218;0;420;2
107;202;13;480;3
97;79;0;960;6
98;42;17;360;2
103;127;0;780;5
89;255;60;300;4
91;65;5;1320;9
104;175;10;600;5
82;86;7;960;8
130;255;0;60;0
102;255;34;360;4
121;255;0;60;0
125;255;0;120;5
67;135;0;420;5
76;187;0;240;2
60;78;10;600;6
111;224;13;480;4
90;255;0;180;1
88;115;50;600;8
85;158;20;300;3
95;190;0;120;0
82;60;22;540;4
119;111;0;360;1
93;112;89;540;9
95;83;50;960;12
95;72;6;900;6
115;108;0;720;3
88;49;12;480;3
125;192;0;360;1
41;40;0;480;6
113;155;0;480;2
94;129;54;660;9
62;59;0;1080;13
71;87;0;900;8
120;255;0;120;0
70;255;100;60;1
108;55;15;1620;11
122;72;0;1140;6
94;51;50;1320;16
80;127;0;540;4
95;255;0;120;0
112;255;0;60;0
112;74;20;900;5
131;84;0;540;2
106;71;28;660;6
106;222;0;60;0
75;178;0;360;2
44;220;0;180;2
125;255;0;60;0
101;48;0;1140;6
105;255;34;360;4
87;51;0;1560;11
78;51;9;780;6
29;113;0;300;4
127;150;0;180;0
101;147;17;360;3
107;116;0;480;2
88;72;30;660;6
79;135;34;360;4
97;121;60;600;8
113;118;17;360;2
96;221;0;300;2
120;133;0;180;0
109;234;0;480;3
114;112;15;840;6
88;255;0;60;0
103;62;19;840;10
110;69;7;960;5
117;30;0;540;2
84;112;0;540;4
114;82;0;1020;4
108;78;15;960;6
93;90;16;780;6
83;255;0;60;0
120;255;0;240;1
84;253;50;360;5
118;255;0;120;0
101;176;34;360;3
89;255;100;60;1
96;255;66;360;5
89;65;50;1080;14
106;100;9;720;5
131;255;0;120;0
111;72;0;1320;6
131;151;17;540;2
90;211;40;300;3
91;163;15;420;2
120;164;0;420;1
102;255;0;60;0
100;116;0;780;6
103;225;0;600;4
118;167;0;300;1
43;114;0;480;7
99;107;34;720;7
69;34;0;1560;12
60;48;32;1080;14
104;255;0;60;0
82;58;0;1200;8
121;255;0;720;2
86;88;43;840;12
88;101;0;540;3
71;79;16;780;7
133;255;0;60;0
97;194;20;300;3
112;60;42;420;4
106;71;20;600;5
123;21;0;180;0
115;255;0;840;3
100;71;5;1380;9
139;255;0;1260;4
116;188;0;360;2
87;255;0;720;0
94;140;10;660;4
115;255;0;120;1
106;167;45;540;5
126;232;0;240;0
89;62;25;240;2
95;111;50;780;11
116;83;0;960;7
100;105;42;720;8
116;157;0;420;2
137;140;0;180;4
120;109;8;840;7
93;255;100;120;2
120;255;0;240;1
87;79;0;960;7
75;175;0;180;1
70;181;100;240;6
82;160;40;300;4
45;159;0;120;1
101;176;0;240;1
99;120;7;780;5
97;189;0;540;5
113;138;0;780;8
90;102;79;840;13
106;123;47;780;8
69;222;67;180;4
92;255;0;120;0
97;64;0;120;0
88;255;25;240;2
98;109;13;480;3
108;202;0;180;1
127;255;0;120;0
102;85;8;840;5
97;80;0;1020;6
84;55;0;960;5
93;173;17;360;3
95;115;15;840;7
105;100;0;840;5
123;118;0;240;1
109;162;19;660;4
38;218;50;120;2
87;119;56;540;8
92;124;84;720;11
117;255;0;120;1
106;255;17;360;3
105;61;6;1080;7
90;46;55;1440;18
119;120;0;600;2
115;255;0;240;1
107;104;12;1020;7
88;131;15;480;3
128;255;0;180;1
145;255;0;120;0
135;118;10;660;5
94;90;34;900;7
62;132;0;480;4
68;33;11;1020;8
80;66;0;780;5
90;87;22;840;7
112;255;0;120;0
99;255;34;180;2
94;255;0;60;0
89;255;100;120;2
108;125;40;600;6
129;255;0;60;0
138;255;0;120;0
115;160;0;360;2
71;255;0;120;100
130;255;0;60;0
109;183;0;300;1
115;64;20;660;5
98;116;0;240;1
85;119;0;720;5
44;65;0;300;4
71;255;0;180;3
114;201;0;180;0
100;125;45;600;5
86;177;15;420;3
88;84;22;900;11
98;186;0;360;2
123;130;0;300;1
137;175;0;240;1
100;149;63;480;5
118;160;10;660;4
53;89;0;240;2
104;102;18;660;6
109;160;29;420;4
120;201;0;180;1
87;103;0;600;4
89;163;28;420;3
79;191;0;420;4
120;40;0;120;0
117;58;25;480;4
91;255;34;180;2
117;255;0;60;0
104;140;0;360;2
97;153;0;180;1
123;255;0;60;0
88;99;0;360;2
88;89;34;780;8
116;150;0;240;1
97;119;0;300;2
48;57;20;300;5
101;116;0;660;4
93;64;20;1260;10
71;128;0;420;3
123;158;0;120;0
116;207;15;420;3
93;162;58;420;4
134;255;0;60;0
75;47;0;360;3
109;217;0;300;1
101;59;7;1440;6
15;14;7;900;55
106;179;34;180;1
118;255;0;60;0
52;79;0;480;5
118;22;0;360;1
95;95;25;240;2
106;55;28;660;6
105;255;17;360;3
138;255;0;60;0
116;115;0;420;2
87;74;0;1080;5
119;157;0;540;2
115;255;0;180;0
90;124;62;480;6
105;99;0;960;4
143;255;0;60;0
102;82;38;480;4
119;255;0;120;0
114;201;34;180;1
123;91;0;840;4
110;74;5;1320;8
90;42;4;1740;11
103;24;0;480;2
83;41;0;1860;13
112;119;16;360;2
107;255;0;300;2
71;103;0;420;4
111;178;0;240;1
89;87;0;1020;8
96;144;23;540;5
112;185;0;180;1
104;79;0;420;2
117;63;25;240;1
95;134;78;540;10
106;93;10;600;4
90;81;79;840;13
81;100;25;780;7
91;108;0;180;1
62;59;43;420;5
92;81;0;1140;9
90;165;0;540;5
103;173;17;360;2
124;220;0;240;1
98;81;75;240;3
71;83;0;840;8
83;117;0;660;5
94;107;0;840;6
109;255;0;420;2
132;184;0;540;2
110;51;22;1080;6
120;111;0;240;1
108;90;30;1020;9
96;63;23;1020;8
104;255;0;1620;8
44;133;25;240;4
105;32;0;240;1
77;49;12;1080;10
92;50;0;1500;10
74;55;17;1080;10
128;91;0;180;0
108;65;23;540;4
58;105;25;480;6
113;189;25;240;2
141;151;50;660;4
88;87;0;960;7
111;121;0;780;7
89;90;15;420;3
88;255;0;240;0
81;150;0;660;3
107;154;0;720;9
102;179;0;300;2
90;255;0;60;0
116;166;15;420;2
138;255;0;60;0
109;255;0;960;5
106;198;0;720;3
127;255;0;1680;7
105;61;5;1080;6
142;255;0;840;4
84;67;4;1260;8
94;73;48;1020;12
99;140;0;480;3
92;120;23;540;4
101;255;0;60;0
83;124;27;660;6
91;174;14;420;2
81;81;0;480;3
105;150;23;660;5
119;138;20;300;2
71;89;7;840;8
67;56;10;600;4
80;72;14;1260;12
87;33;43;420;4
118;116;0;180;0
112;98;23;540;4
119;40;50;180;2
109;156;0;660;6
129;255;0;300;2
49;104;0;360;4
43;255;0;60;0
48;78;0;420;5
123;87;0;420;2
33;255;0;60;1
101;152;50;480;6
50;72;50;120;1
114;255;0;240;1
98;255;67;180;3
104;149;28;660;7
117;255;0;60;0
102;175;38;480;6
128;255;0;180;0
109;142;13;480;4
94;95;14;900;8
68;75;15;840;10
39;35;20;600;11
68;39;10;1440;12
99;68;28;420;4
57;23;8;840;8
91;57;0;1080;6
85;56;0;1080;7
76;36;7;1800;16
70;35;14;1320;15
83;255;0;180;1
80;49;0;1560;10
93;117;7;780;6
104;125;10;600;4
93;255;33;180;2
83;112;0;720;5
96;36;0;1080;5
81;40;3;1680;12
82;46;0;1140;6
66;79;17;360;4
62;163;0;240;2
142;241;0;660;4
121;109;0;1140;10
107;255;0;180;1
62;255;0;60;1
111;183;0;600;4
122;255;0;60;0
102;131;55;660;8
125;242;0;360;1
41;64;0;240;3
69;216;0;240;2
96;116;19;660;5
112;185;0;180;0
64;40;6;1020;10
125;255;0;360;2
78;51;0;240;1
82;116;0;840;5
92;38;0;240;1
87;78;12;1080;8
117;52;12;480;2
98;55;46;780;8
114;137;0;480;2
107;76;0;1140;6
96;255;0;60;0
106;166;40;300;2
90;255;40;300;3
128;255;0;60;0
130;112;34;900;9
152;183;0;480;4
62;163;0;180;1
121;239;0;180;0
88;204;67;360;5
96;151;75;240;3
92;255;0;180;0
134;251;0;300;1
106;97;14;900;6
119;189;0;300;1
124;216;0;240;2
80;255;0;60;0
111;255;0;120;1
116;160;0;120;0
104;193;34;540;4
113;145;8;720;3
120;255;0;60;1
101;90;27;1080;11
95;255;0;120;2
72;80;0;600;4
92;255;0;60;0
93;174;100;540;7
122;255;0;60;0
115;255;0;180;1
69;167;0;180;2
41;63;0;480;6
107;125;20;300;2
110;227;0;120;0
80;172;0;120;1
121;166;0;360;1
100;79;8;780;5
100;123;28;660;6
127;110;0;120;0
107;163;50;120;2
93;97;13;900;6
79;100;8;720;10
72;54;15;1140;12
137;255;0;120;0
115;146;25;720;4
108;101;0;960;5
124;125;0;240;1
88;47;18;1440;11
122;255;29;420;4
92;52;0;1560;10
78;47;20;1380;13
119;109;8;840;4
105;143;50;480;5
103;255;0;120;0
106;175;38;540;4
98;70;16;780;4
128;177;0;780;5
89;163;0;600;4
112;255;0;300;2
129;238;0;60;0
103;122;0;840;5
158;255;0;120;0
142;117;0;360;1
101;66;50;600;6
135;142;0;960;1
123;104;0;660;3
98;114;62;780;11
123;205;0;240;1
119;129;25;720;6
96;88;25;480;3
105;145;0;180;1
115;136;50;120;0
98;121;23;780;6
108;200;10;600;4
98;131;9;720;5
88;255;50;120;1
109;255;0;180;1
115;140;0;360;1
94;161;58;420;5
117;102;0;120;0
102;110;13;960;6
108;165;13;480;3
134;255;0;120;0
113;150;0;120;0
124;255;0;120;0
95;124;63;480;5
109;255;0;60;0
111;230;25;240;2
70;51;5;1260;10
106;255;0;60;0
89;74;6;1140;7
84;161;34;180;2
85;255;100;60;1
97;255;0;240;1
110;126;20;600;4
142;255;0;60;0
79;71;7;840;7
117;58;20;300;1
133;121;0;540;2
109;88;0;1140;7
92;56;27;1380;14
102;48;34;540;5
122;13;0;120;0
100;114;0;900;6
87;106;0;900;7
88;255;0;60;0
65;255;0;120;0
64;162;20;300;4
85;77;0;240;1
79;119;0;660;5
93;200;0;360;2
113;127;12;540;3
94;83;6;1080;7
101;255;0;240;2
104;77;20;300;2
102;255;0;60;0
96;75;0;240;1
91;79;40;900;8
111;114;0;600;3
97;255;100;120;1
40;155;0;180;2
90;111;16;780;7
104;190;0;300;1
66;255;0;60;1
127;198;0;360;1
102;113;33;720;6
107;94;20;600;4
62;61;0;660;6
120;255;0;120;0
76;57;0;840;6
66;61;0;240;2
74;255;0;60;1
111;102;19;780;5
120;105;0;180;1
117;140;20;600;4
124;157;0;360;1
95;126;45;540;7
50;32;0;1080;12
53;49;7;840;8
105;255;50;120;2
111;73;0;960;5
93;114;5;1020;7
91;117;12;600;4
113;137;0;660;3
110;113;24;780;7
124;150;0;420;2
100;114;0;600;3
82;76;39;780;8
134;181;0;360;1
94;127;47;780;9
116;85;17;360;2
88;36;0;2220;17
74;36;0;1680;16
66;35;0;1740;18
100;119;37;660;6
97;108;40;600;7
120;255;0;60;0
93;64;0;1260;7
110;85;0;1020;5
134;255;0;120;0
67;52;0;1140;9
130;174;20;300;1
73;107;43;480;6
95;45;0;540;3
107;255;50;360;5
103;92;0;120;0
94;176;67;360;5
120;157;0;540;3
103;147;0;120;0
51;35;0;360;4
112;18;15;420;2
113;255;40;300;4
122;255;0;180;1
101;255;0;660;3
59;35;0;420;4
83;139;50;120;2
114;106;0;840;6
114;68;25;240;2
126;183;0;240;1
125;255;0;60;0
102;255;34;180;2
103;255;0;180;1
124;255;0;120;1
99;95;23;540;4
105;24;0;240;1
101;97;0;480;4
87;80;12;540;4
101;196;50;240;2
82;216;50;240;4
98;63;0;1440;10
87;92;0;1020;7
116;200;0;240;1
96;150;10;600;4
81;56;6;1200;8
126;121;0;660;3
79;108;28;720;7
106;89;6;1080;6
94;75;0;1080;7
82;83;0;540;3
127;255;0;120;1
95;200;63;480;7
107;255;0;240;1
92;241;50;360;4
115;255;25;240;2
128;113;0;600;2
114;255;0;120;0
88;107;40;600;7
116;171;0;120;0
94;201;0;240;1
148;149;0;120;0
114;161;17;360;3
88;255;58;420;6
135;255;0;120;1
77;255;20;300;4
105;169;0;540;3
111;99;0;780;4
90;135;56;540;8
80;254;0;540;4
67;72;13;960;10
102;255;20;300;2
103;149;63;480;6
114;255;0;120;0
91;85;0;1020;5
96;255;0;120;1
117;128;0;540;2
97;65;5;1380;6
134;255;0;300;1
100;122;0;780;8
100;255;25;240;2
75;162;0;120;1
114;114;7;1020;5
79;36;18;1680;16
98;79;12;1140;7
64;31;0;120;0
102;76;0;1440;8
62;77;17;1020;11
91;94;16;1080;8
69;255;0;120;0
56;105;12;540;6
111;170;20;420;2
141;255;0;60;0
123;255;0;60;0
90;79;8;840;6
130;255;0;180;0
103;109;0;780;5
109;115;16;780;6
110;255;0;180;1
88;106;19;660;6
142;153;0;240;1
119;108;0;600;2
105;212;34;360;3
92;157;13;480;3
103;119;0;660;4
126;109;0;420;2
114;170;12;540;3
136;100;0;180;0
48;255;0;60;0
126;188;0;300;1
111;93;20;300;2
121;54;20;300;1
38;207;0;60;1
103;128;0;780;4
122;130;0;540;2
101;207;16;360;3
118;255;0;120;0
101;128;45;540;5
108;255;0;60;0
119;124;0;360;1
106;95;0;1020;5
79;201;0;240;1
39;36;0;360;9
75;88;0;480;4
91;144;40;600;7
92;105;57;420;6
116;255;50;120;1
117;255;34;360;3
106;184;23;540;5
74;255;0;60;0
80;255;66;180;2
106;161;0;120;0
92;146;38;480;5
102;243;0;300;3
105;84;20;300;2
113;149;10;660;4
120;255;0;120;0
119;255;0;180;1
91;97;58;840;11
108;98;19;960;8
117;144;0;360;1
84;157;40;300;3
94;255;0;60;0
76;99;29;420;4
119;168;0;480;2
114;97;15;900;5
91;103;70;840;13
49;49;8;780;10
26;221;50;120;4
108;218;0;300;1
84;46;14;1620;13
70;30;24;1980;19
63;28;3;1920;20
88;78;0;660;4
87;109;0;180;1
96;151;58;420;6
83;95;67;540;8
118;186;0;300;1
103;103;0;360;2
25;20;26;900;42
76;105;0;60;41
74;74;13;900;9
122;184;0;120;0
70;255;100;60;1
82;255;0;180;2
129;117;0;120;0
117;78;17;360;2
85;255;0;60;0
86;92;0;720;5
82;189;0;360;2
95;163;25;480;5
112;170;0;360;1
113;255;0;60;0
102;255;0;240;1
98;255;42;420;5
122;135;0;420;2
113;146;20;600;4
93;88;24;780;6
95;32;6;2220;13
78;36;61;1680;23
90;41;30;1680;15
91;23;0;720;4
111;119;0;660;3
116;255;0;180;1
104;255;40;300;3
81;140;0;180;1
30;73;20;300;6
113;255;0;60;0
186;255;0;120;1
146;255;0;240;2
71;25;0;360;2
106;255;0;240;1
116;188;0;180;1
124;182;17;360;2
104;120;42;720;7
172;255;0;60;0
113;178;12;540;3
56;255;0;60;1
99;139;23;540;5
125;155;25;240;1
84;68;0;180;1
102;255;0;60;0
89;255;50;120;2
104;138;0;120;0
109;255;40;300;3
125;231;0;360;1
94;188;14;420;3
122;187;0;180;0
76;255;0;120;1
95;255;0;60;0
45;56;40;300;4
113;41;0;420;2
119;176;0;480;2
99;136;24;780;7
113;255;0;300;2
116;137;20;600;5
101;97;0;300;1
89;255;40;300;4
89;255;0;180;1
77;153;0;480;5
91;255;34;180;2
57;182;0;120;1
122;188;0;360;1
129;255;0;60;0
104;192;67;180;1
77;171;100;360;8
96;255;0;60;0
83;158;0;480;4
97;215;0;540;4
108;77;0;1380;8
125;124;0;1020;5
118;255;0;420;2
86;140;25;240;3
86;77;20;360;2
109;206;50;480;5
142;255;0;180;1
106;111;45;540;5
127;255;0;120;0
129;239;0;660;3
92;110;42;840;8
107;109;0;600;3
77;255;0;60;0
106;154;33;720;5
125;128;0;240;1
108;255;43;420;5
72;45;8;840;7
99;255;0;120;1
116;93;0;1020;5
89;79;13;960;7
116;255;0;120;1
98;255;0;60;0
97;141;54;660;8
108;163;12;540;3
101;82;23;1080;9
98;143;0;120;0
116;102;0;600;2
115;188;0;300;1
122;255;0;60;0
112;156;50;480;5
75;151;0;240;2
118;90;0;840;4
87;118;50;600;7
105;118;8;720;3
100;251;25;240;2
107;105;50;720;13
122;255;0;120;1
127;172;80;900;6
47;72;60;420;6
52;71;0;720;9
109;128;0;540;3
86;121;100;60;1
49;164;0;240;2
122;132;25;720;4
96;100;31;960;9
89;52;50;120;1
148;176;15;420;1
109;255;25;240;2
132;103;12;1020;6
124;61;0;180;0
97;68;7;840;7
142;147;0;60;0
95;255;0;60;0
126;255;0;60;0
95;193;72;420;5
117;255;0;180;1
109;67;34;540;5
48;255;0;120;1
97;201;60;360;3
120;183;0;180;1
76;181;0;240;2
82;137;15;420;3
55;255;0;180;3
138;255;0;120;0
114;212;13;480;3
117;202;0;540;4
115;220;0;540;7
130;255;0;60;0
116;255;0;180;2
62;255;0;60;0
108;255;33;360;4
81;40;0;1260;8
91;44;0;1080;5
86;40;0;1440;9
84;121;0;540;4
89;69;12;1320;8
100;121;0;480;2
118;104;0;300;1
103;180;38;480;5
151;255;0;60;0
119;255;0;180;1
109;239;16;360;4
99;90;0;240;1
86;255;0;60;0
82;126;25;480;4
122;167;0;180;0
44;77;13;480;8
36;197;0;240;3
100;159;38;480;5
116;142;0;600;3
118;105;0;120;0
124;196;0;300;1
42;159;0;240;3
124;164;0;300;1
101;155;34;360;4
127;141;0;420;2
65;38;0;960;9
126;255;0;60;0
56;32;0;1140;13
56;20;4;1920;23
95;100;50;840;11
124;122;0;660;3
135;100;0;180;0
53;255;0;120;2
65;35;34;180;3
97;152;0;600;2
98;255;0;540;2
100;183;0;180;1
126;171;0;180;0
103;126;20;600;5
135;255;0;180;1
50;50;7;840;7
67;39;8;1500;9
54;24;6;1860;17
90;54;0;780;5
98;53;5;1260;8
106;31;0;300;1
29;212;0;120;2
52;39;17;1020;15
54;33;64;840;24
89;74;0;1080;7
77;56;4;1320;11
118;175;17;360;2
114;138;0;120;0
108;50;0;720;3
89;45;13;960;9
64;255;0;60;3
81;62;0;480;3
68;49;5;1200;12
123;89;0;840;4
91;85;14;960;6
74;56;0;1080;10
103;52;4;1680;9
138;161;0;180;0
112;128;40;600;5
120;114;0;240;1
109;116;8;840;5
104;149;50;240;3
115;151;0;180;1
99;141;13;480;3
127;220;0;240;1
94;255;0;480;3
93;119;0;840;8
91;81;33;180;1
117;140;12;540;3
111;255;15;420;3
112;255;0;120;1
102;65;13;960;6
124;89;0;420;2
105;188;20;300;1
88;138;78;540;9
104;187;34;360;3
105;106;0;180;1
78;180;0;480;5
143;255;0;120;1
83;255;0;180;1
109;255;34;360;3
93;56;22;1140;9
109;173;20;300;2
112;72;0;720;3
115;82;0;1200;7
97;74;28;1080;9
116;232;0;240;1
108;88;22;1020;6
113;69;16;1320;5
99;180;0;540;3
113;255;0;180;1
84;111;10;660;6
80;125;0;420;3
118;255;16;360;3
100;71;0;1140;7
125;255;0;120;1
118;191;0;300;1
108;255;0;60;0
51;26;19;660;8
110;86;0;720;4
104;60;0;1440;9
96;103;0;840;5
117;64;44;540;5
125;163;0;300;1
97;78;7;780;5
111;102;34;900;8
89;63;12;1140;9
112;65;0;1500;8
79;255;0;60;0
112;67;0;240;1
108;255;0;120;1
109;234;14;420;3
81;85;0;840;7
97;51;29;840;6
113;47;12;1080;7
93;71;5;1200;8
87;75;0;960;2
89;138;29;420;4
38;10;0;1200;6
112;42;0;720;4
112;123;0;540;3
96;255;100;60;1
129;135;25;480;2
108;99;0;480;2
100;87;0;1020;6
86;75;36;1020;10
97;165;0;120;0
106;141;23;540;4
106;86;28;1080;10
97;41;0;960;5
71;41;8;1560;13
80;39;0;1440;10
123;255;0;420;2
83;117;0;720;7
150;255;0;120;1
96;255;0;120;1
62;255;34;180;3
116;171;0;600;2
115;255;0;60;0
113;124;0;780;4
103;189;0;300;1
83;255;40;300;4
89;74;23;540;6
105;62;7;1560;10
118;87;0;120;0
97;171;34;360;4
130;68;0;180;0
121;190;0;300;4
114;95;13;960;9
95;139;0;420;2
97;136;15;420;2
136;250;0;600;4
90;69;8;780;6
77;210;67;180;1
102;127;0;480;3
156;214;0;780;6
105;161;25;480;4
106;130;0;900;5
114;255;0;120;0
95;72;0;1260;9
86;171;0;660;5
32;41;0;720;7
36;90;0;120;1
35;245;0;180;2
91;186;17;360;3
92;255;100;60;1
112;120;0;720;3
135;255;0;360;1
117;255;0;120;1
84;255;0;240;2
108;80;0;1260;6
116;167;0;180;0
109;141;20;900;6
129;166;0;300;1
113;148;9;720;4
57;255;0;120;1
114;67;12;540;3
119;92;0;240;1
122;137;0;540;2
74;108;0;540;4
92;178;0;120;0
112;132;0;720;4
119;255;0;360;2
121;84;33;180;0
133;255;0;60;0
109;117;20;600;4
116;160;19;660;5
102;55;18;1020;7
101;138;34;600;4
113;198;0;300;1
59;132;0;480;5
124;242;23;540;5
77;15;0;180;1
99;255;0;60;0
113;255;0;60;0
104;193;0;360;1
111;209;34;540;5
126;255;0;60;0
85;52;79;1140;19
92;54;48;1020;12
119;106;0;480;2
114;129;8;780;4
128;114;15;420;2
94;255;0;60;0
75;255;0;60;2
74;67;45;540;5
86;49;10;1260;7
92;94;0;120;0
55;255;0;60;0
63;42;0;900;10
84;182;0;240;2
95;104;34;180;2
92;136;50;360;5
67;209;100;180;5
88;255;0;360;1
89;255;100;60;2
71;167;0;420;3
22;79;0;240;8
51;61;9;720;12
62;34;0;1260;11
95;195;50;120;1
19;255;0;60;1
100;53;0;1680;10
86;78;58;840;13
43;28;0;1320;16
108;70;0;1260;7
95;122;75;540;7
135;211;0;240;1
118;79;0;1260;7
95;52;30;1440;14
111;173;20;300;2
105;59;0;1260;8
134;177;0;120;0
121;208;25;240;1
120;224;15;420;3
103;109;14;900;7
97;98;54;780;8
119;105;8;780;4
78;169;15;420;4
84;255;50;120;2
111;180;34;180;1
90;255;0;360;2
97;137;0;600;3
126;255;0;60;0
121;255;30;600;3
110;83;0;420;2
104;95;33;1080;8
60;50;0;360;1
50;29;0;300;3
117;174;0;240;1
96;255;100;120;1
53;24;0;660;7
89;220;0;240;1
107;171;38;480;5
121;255;0;60;0
124;255;100;120;2
101;255;67;180;3
169;255;0;60;0
102;255;0;120;1
103;255;50;360;4
101;56;0;300;1
131;255;0;120;1
97;54;18;660;4
128;255;0;60;0
118;243;0;120;0
106;152;34;540;4
86;140;0;300;2
95;255;50;120;2
113;45;20;300;2
112;121;8;780;5
121;255;0;180;0
53;204;0;180;2
95;151;45;540;7
103;255;67;360;6
108;126;37;720;5
115;170;15;420;3
66;36;0;300;1
48;136;20;300;5
84;255;0;420;4
80;75;0;1200;14
103;86;38;480;4
126;113;0;120;0
109;65;0;360;2
86;102;0;840;6
108;55;58;420;4
85;161;0;420;3
110;188;34;360;3
102;244;50;360;3
123;255;0;300;1
99;174;38;480;5
43;162;14;420;4
47;205;0;300;2
55;255;0;180;1
99;172;20;300;2
129;178;0;180;0
34;255;0;120;1
118;184;34;180;1
32;159;0;120;2
67;255;0;180;2
125;77;13;480;2
110;253;0;240;1
123;178;34;180;0
96;200;50;360;4
119;150;15;480;2
116;180;0;360;2
112;165;0;60;0
130;255;0;240;1
111;255;10;600;3
119;255;0;60;0
126;255;0;180;1
119;255;0;60;0
113;246;0;420;4
94;255;34;180;2
116;255;0;120;1
130;255;0;120;1
106;255;40;300;3
54;59;0;780;8
67;243;0;240;1
109;255;34;180;2
66;107;17;360;3
65;102;34;180;1
51;73;50;120;2
65;150;25;240;3
105;59;29;420;4
141;255;0;60;0
147;255;0;60;0
118;122;8;780;5
130;255;0;360;2
139;255;0;180;1
120;162;38;960;6
89;255;100;60;0
99;105;0;840;3
77;80;11;1080;10
143;255;0;60;0
135;255;0;120;1
112;255;34;180;2
102;255;0;360;1
110;180;12;540;3
89;118;34;720;7
112;130;10;600;3
123;208;20;360;2
115;255;0;60;0
104;195;0;420;2
128;255;0;300;1
102;165;0;600;3
85;88;0;1020;8
112;255;0;120;0
46;128;100;60;1
85;125;20;600;5
97;99;0;660;3
82;26;0;240;1
69;60;0;660;5
123;255;0;60;0
100;153;67;360;5
71;35;13;1800;19
91;64;12;1020;7
101;35;6;1020;6
101;221;34;180;1
115;15;0;60;0
98;255;0;120;0
92;119;9;660;5
78;105;0;600;4
48;55;12;600;6
122;133;12;540;3
113;255;0;300;2
115;138;9;780;4
94;117;30;600;5
102;140;63;480;7
46;43;13;960;15
94;126;19;660;6
131;255;0;60;0
94;255;34;360;4
143;71;50;360;2
151;93;20;300;1
121;173;0;180;0
110;77;0;1260;6
96;148;50;480;5
91;255;100;60;1
187;255;0;60;0
77;46;31;780;7
109;255;0;60;0
119;255;0;420;2
116;215;50;240;2
109;50;0;1320;3
103;125;20;600;4
92;81;12;1080;7
128;255;0;120;0
85;255;0;120;1
58;40;0;1140;13
108;120;0;540;2
104;98;16;900;7
90;35;0;660;4
94;255;0;60;0
123;206;80;600;6
85;43;12;1020;8
95;51;10;1200;9
112;41;0;840;4
106;223;0;60;0
113;255;0;60;0
74;51;13;480;4
51;255;0;60;0
109;43;34;540;5
139;18;0;180;1
80;76;8;780;6
124;92;0;60;0
73;201;60;300;4
89;214;0;480;2
104;138;16;360;2
92;137;80;600;9
92;44;0;1320;7
122;155;0;480;2
74;47;24;1260;13
96;167;0;480;3
125;206;0;120;0
75;101;0;660;4
82;47;4;1560;16
96;84;6;1140;6
108;133;0;540;2
116;126;0;720;3
97;116;25;720;6
103;103;0;600;4
96;72;0;1140;7
103;90;0;1080;6
57;202;25;240;3
60;255;100;60;0
120;221;0;240;1
95;55;20;300;2
92;172;0;180;1
85;73;8;900;6
101;44;0;240;1
93;114;0;480;3
64;59;11;1020;10
75;40;22;1380;14
92;102;8;720;4
113;159;12;540;3
94;120;82;660;11
105;255;0;60;0
142;255;0;60;0
112;115;14;900;6
135;174;0;420;2
108;140;10;660;3
95;255;0;180;1
123;155;0;360;1
109;150;55;540;6
96;113;42;720;9
105;35;20;300;2
121;255;100;60;0
104;140;0;540;3
117;255;0;60;0
108;127;18;660;3
99;140;0;840;5
97;255;0;60;0
90;36;25;480;3
125;131;8;840;5
96;242;0;420;4
43;81;10;600;8
46;40;0;240;3
42;23;13;480;7
97;120;60;600;8
115;64;0;60;1
88;169;34;360;3
116;135;0;240;2
110;146;0;120;0
106;135;0;480;2
77;68;4;1440;11
99;255;0;240;1
106;151;0;300;1
99;107;8;720;5
122;91;0;120;0
110;56;25;480;4
92;101;0;900;5
108;86;0;1080;5
96;62;0;1320;8
84;64;11;1560;12
96;69;4;1320;8
128;208;0;180;0
90;113;0;180;1
107;83;15;420;3
103;186;17;360;2
107;46;17;360;2
120;39;11;540;3
97;255;50;120;1
50;62;0;660;8
83;111;0;900;5
103;174;0;660;3
134;86;0;300;1
106;62;15;780;6
122;255;0;420;2
115;255;28;420;3
122;58;0;240;1
118;255;0;60;0
110;197;23;540;4
117;255;0;60;0
112;255;34;360;4
81;119;0;300;2
120;194;0;360;1
106;182;50;360;4
129;213;0;360;1
100;132;37;660;6
106;192;0;240;1
93;121;0;540;3
52;71;19;660;9
99;149;0;540;6
97;141;45;540;6
48;91;0;300;3
116;118;0;840;4
91;155;0;480;3
71;58;0;1080;17
95;255;50;240;3
122;255;0;120;1
116;42;0;600;3
102;49;14;900;7
114;212;13;480;3
109;152;0;240;1
111;154;0;720;4
93;96;20;600;5
105;255;0;120;0
88;255;100;120;2
76;116;0;240;2
89;255;0;120;1
87;255;0;120;1
91;152;10;600;5
80;140;0;720;6
113;217;0;480;3
102;76;60;600;7
118;255;0;120;0
120;95;20;300;1
98;138;67;540;7
115;255;34;180;1
117;255;0;60;0
104;255;0;120;0
81;131;0;540;4
127;247;0;300;1
109;117;29;840;6
96;125;80;600;9
121;210;20;300;2
98;118;46;660;8
118;39;0;180;0
107;57;0;480;2
74;47;0;720;6
71;66;0;840;6
114;150;0;300;1
126;156;0;240;1
70;65;8;780;7
102;255;15;420;3
113;255;0;240;1
112;255;0;360;2
112;255;0;60;0
77;255;0;60;0
119;47;0;180;0
70;47;5;1020;10
71;35;8;1380;13
67;69;0;660;6
126;255;0;120;0
129;110;0;780;2
100;103;23;900;5
70;35;14;840;8
118;89;20;600;4
112;75;15;420;2
105;91;30;1020;8
129;141;0;480;2
115;209;0;420;2
127;100;0;240;1
111;255;25;240;2
100;255;0;60;0
66;99;0;780;7
113;255;25;240;2
79;88;0;840;7
111;255;0;360;2
58;48;0;300;2
119;119;37;660;6
112;255;0;180;0
102;54;25;480;4
114;33;0;120;0
127;255;0;60;0
110;255;0;240;2
112;175;0;240;1
131;255;0;60;0
128;255;0;60;0
113;213;0;420;2
106;136;34;720;7
90;255;0;720;5
122;165;0;480;2
122;150;0;540;3
47;117;0;420;7
58;49;0;960;11
62;120;0;420;4
103;90;36;840;7
114;145;0;180;0
115;255;0;180;1
108;186;29;420;4
116;255;0;120;0
102;150;0;540;3
123;255;0;180;0
126;171;0;240;1
106;138;12;540;3
110;226;0;180;1
97;255;0;60;0
106;158;15;420;3
116;255;20;300;2
96;76;0;1020;6
80;24;0;300;2
86;85;0;900;6
73;52;10;660;5
60;44;0;1140;10
114;255;0;300;2
100;92;14;900;7
124;42;0;1200;5
107;158;23;540;8
111;82;0;960;4
86;97;0;780;4
129;127;0;300;3
101;114;0;420;1
117;255;0;60;0
108;255;13;480;3
81;114;0;840;5
84;38;56;1680;20
79;46;14;960;7
101;250;0;240;1
108;32;6;2040;12
92;54;18;1380;12
95;45;50;1440;14
107;76;0;1260;6
96;118;0;780;6
79;70;0;1080;10
122;255;0;120;0
64;198;0;300;2
111;175;0;120;0
104;143;11;540;4
60;41;12;540;6
115;58;23;540;2
57;12;0;240;2
70;48;0;180;1
129;193;0;300;1
119;104;16;780;6
71;130;0;480;4
49;19;25;1200;12
37;204;0;240;5
66;18;20;300;2
92;150;80;600;8
116;160;0;780;4
128;255;0;60;0
119;179;13;480;3
93;255;17;360;4
126;255;0;60;0
91;255;100;180;3
73;255;50;120;2
62;255;86;420;12
115;190;15;420;2
101;99;0;480;2
84;72;0;1140;7
127;154;0;240;1
119;174;0;300;1
101;104;22;840;6
92;249;0;240;1
91;196;0;240;1
96;71;0;1080;7
80;61;42;1020;13
119;115;8;780;4
100;135;25;720;5
109;190;0;720;4
95;143;30;780;6
70;179;17;360;4
102;158;12;540;4
120;161;0;540;2
52;97;0;480;5
118;142;0;360;2
106;101;42;780;6
70;86;0;840;7
114;255;0;300;1
106;55;29;420;3
57;55;0;360;2
100;46;9;1980;13
84;47;15;1560;14
71;83;0;900;7
83;77;7;960;7
108;121;0;780;4
45;34;0;300;3
108;255;0;120;1
115;161;16;360;2
127;153;0;360;1
113;129;8;780;5
111;60;20;300;2
99;107;40;300;3
120;101;0;540;2
104;62;0;1560;9
123;255;38;480;3
110;255;25;240;2
91;102;67;720;10
106;78;16;1140;8
129;255;0;420;2
118;150;0;540;3
150;186;33;180;1
104;78;33;360;3
106;45;40;300;3
120;214;0;120;0
119;162;0;480;2
94;117;7;780;6
116;183;15;420;3
125;255;0;120;1
110;78;0;1200;7
101;128;0;720;4
123;117;0;780;4
59;93;0;300;2
48;69;10;600;6
55;68;0;420;1
49;99;0;1200;14
120;95;0;300;1
60;111;0;420;3
111;255;0;120;0
89;155;50;360;5
119;161;10;600;3
86;91;25;480;4
81;188;50;120;1
108;194;13;480;3
135;255;0;180;0
99;146;46;660;7
104;14;34;180;1
109;214;0;180;0
96;98;58;420;5
89;45;0;240;1
99;247;0;180;1
97;255;0;180;1
100;84;0;180;1
107;81;11;540;3
116;255;0;120;1
124;100;0;300;1
93;133;28;660;6
110;255;50;120;0
104;73;45;540;7
121;255;0;240;0
107;255;0;120;0
107;117;13;480;3
134;255;0;60;0
102;139;30;600;6
119;255;0;60;0
63;255;50;120;2
108;255;20;300;3
85;255;0;120;0
81;255;50;180;1
75;128;30;600;7
81;255;0;60;0
57;255;100;120;1
127;255;0;120;1
124;255;0;120;1
45;156;50;120;2
92;48;79;840;7
107;34;84;360;3
92;58;19;1320;12
107;139;0;420;2
93;98;8;780;6
90;106;0;600;4
108;186;0;300;2
114;35;0;600;2
82;252;50;120;1
103;255;0;60;0
106;180;17;360;2
103;108;0;600;3
79;98;19;660;7
125;120;87;900;9
126;178;0;360;2
54;255;0;120;1
102;104;0;780;4
123;197;0;240;1
123;255;0;60;0
92;145;75;480;7
118;127;0;360;2
114;57;22;840;5
108;172;0;300;1
143;255;0;60;0
125;75;0;180;0
34;47;0;540;10
60;32;0;1320;13
74;100;0;540;4
63;54;0;900;9
117;255;0;60;0
74;54;9;660;5
70;76;40;300;3
80;32;15;840;7
48;58;16;360;2
99;255;38;480;5
134;147;0;540;2
114;64;4;1500;8
66;179;0;180;2
83;140;29;420;4
113;221;25;480;4
106;113;0;240;1
176;255;0;60;0
86;163;11;540;3
128;121;57;420;5
99;97;0;900;5
111;77;0;180;0
88;70;10;660;4
120;255;0;180;1
116;255;0;300;2
93;255;80;300;5
81;69;19;960;9
64;71;0;600;6
89;255;0;60;0
86;60;0;240;1
102;90;28;780;7
94;255;0;60;0
77;193;0;240;1
105;86;0;600;3
65;176;0;180;2
68;79;0;540;4
120;84;0;480;2
54;51;8;1440;21
65;95;0;720;6
58;107;12;480;5
55;47;4;1320;14
124;170;0;360;1
99;162;14;420;2
89;64;25;960;8
109;169;34;540;3
109;255;0;120;0
124;92;0;780;4
113;183;0;180;1
99;128;25;720;7
80;255;0;60;0
105;255;0;60;0
98;255;80;300;6
91;255;0;60;0
110;156;12;540;4
119;181;0;300;1
131;236;37;480;3
111;69;0;1020;5
114;45;0;240;1
53;216;33;180;2
102;145;46;660;7
130;255;20;300;2
65;101;43;420;7
55;62;8;780;9
82;114;12;540;5
112;223;0;180;1
75;255;0;60;0
73;134;0;120;1
102;111;15;840;7
116;126;13;480;3
110;255;75;240;2
102;191;20;300;2
116;183;0;120;0
96;99;0;960;5
77;96;24;840;8
95;93;10;660;4
103;83;28;780;6
85;118;58;480;7
129;125;0;540;2
115;80;5;1380;7
99;103;22;840;8
100;197;0;240;1
133;193;0;180;0
100;156;50;600;8
126;255;0;120;0
103;178;34;180;1
110;255;50;240;3
106;67;17;720;5
125;39;0;420;1
79;56;12;1200;11
92;90;8;780;5
120;255;0;120;0
95;77;53;1020;13
105;130;19;660;6
111;102;9;840;4
177;199;0;240;1
115;83;0;1260;6
133;153;0;660;3
120;174;0;360;1
98;130;19;660;4
131;255;0;120;0
92;7;94;1440;90
82;9;100;960;90
108;7;100;960;95
130;255;0;120;1
80;29;0;240;1
95;255;80;300;4
116;43;0;240;1
95;69;63;480;5
119;168;67;360;4
139;120;0;900;10
117;39;0;360;1
93;55;0;540;3
77;36;20;1680;14
98;33;23;780;9
112;55;10;1140;7
135;66;0;420;1
120;99;0;1260;6
90;60;32;960;10
93;46;0;720;4
175;103;0;780;9
97;56;7;960;7
86;53;12;960;11
104;133;0;780;5
19;25;17;720;49
69;133;0;300;2
118;146;0;480;2
106;100;16;780;6
117;240;0;480;2
109;255;0;60;0
124;176;0;480;2
107;77;0;1320;8
99;255;25;240;2
130;89;0;300;1
102;56;43;480;6
100;51;0;720;4
94;102;58;840;11
91;255;100;60;0
110;255;0;240;2
96;158;50;360;5
132;146;0;420;2
116;79;0;1380;7
115;175;34;540;4
93;147;13;540;4
114;86;0;600;2
94;117;0;540;3
125;7;100;480;97
108;8;100;1080;94
87;19;100;720;87
90;55;6;1020;6
99;61;6;1020;6
99;139;0;120;0
115;32;0;780;3
109;255;50;120;2
111;157;0;600;3
86;65;0;120;0
78;73;0;840;6
40;109;34;180;3
98;106;0;780;3
85;80;7;960;7
80;56;0;1320;11
89;95;0;240;1
94;181;0;480;3
119;112;0;600;2
75;123;20;600;6
119;179;66;180;5
116;255;0;120;1
70;37;7;1560;10
74;109;34;720;7
90;140;0;360;2
90;161;0;360;5
111;145;10;600;3
138;137;0;120;0
95;71;11;1560;12
91;57;0;1320;9
87;89;5;1200;11
103;65;6;1200;7
119;120;0;840;4
107;80;0;1380;7
47;11;0;240;3
47;21;0;180;2
105;51;25;1200;7
116;83;0;360;1
116;255;0;60;0
98;173;29;420;3
124;138;0;600;3
92;43;35;1560;16
107;112;15;840;6
56;65;0;180;1
123;255;0;180;1
102;137;10;600;4
71;61;0;1020;9
118;208;0;480;2
109;207;10;600;4
120;87;0;1380;6
130;198;0;300;1
125;34;20;300;1
96;141;40;600;6
103;88;6;1140;6
118;206;30;600;6
100;100;36;840;8
128;197;0;300;1
111;255;0;60;0
102;255;50;240;3
130;255;0;60;0
75;101;7;840;7
89;105;73;660;12
112;101;0;960;6
90;107;14;420;3
59;41;4;1320;13
121;65;28;420;2
97;173;20;300;3
93;244;60;300;5
110;157;7;780;5
122;50;0;300;1
138;255;0;60;0
105;209;25;480;4
114;228;0;120;0
104;140;15;420;3
84;255;0;60;0
72;255;33;180;2
116;255;0;300;2
110;29;0;240;1
80;145;0;240;1
131;255;0;60;0
76;50;6;900;6
79;47;14;840;7
96;37;0;540;3
90;60;12;540;4
103;103;62;780;11
111;166;20;300;2
93;56;14;1380;10
121;96;0;960;4
121;74;0;600;2
108;124;15;840;6
115;150;20;600;4
102;220;50;240;2
97;255;0;60;0
49;79;0;240;3
111;255;0;120;1
90;131;0;720;5
118;255;0;120;1
105;226;14;420;3
105;157;25;480;4
96;84;25;480;4
132;37;0;240;1
107;75;45;540;5
57;58;0;1020;10
71;49;0;1440;12
104;153;50;480;5
123;117;0;300;1
84;255;0;180;1
98;179;56;540;5
123;255;0;300;2
114;166;0;660;6
99;255;50;120;1
134;255;0;60;0
104;255;0;180;1
54;176;0;300;2
118;192;0;180;0
96;255;20;300;3
106;223;38;480;5
102;125;34;540;4
84;96;24;780;10
108;245;0;120;0
89;158;72;420;7
117;103;17;720;4
119;133;0;300;1
126;151;0;300;3
93;91;60;900;12
100;157;17;360;5
110;90;25;960;11
106;255;34;180;2
134;255;0;180;1
116;255;0;360;3
98;255;0;120;1
65;98;13;540;5
82;132;28;420;53
99;162;0;480;2
92;172;0;180;53
102;163;63;480;7
129;170;0;360;1
99;171;0;360;2
100;45;34;360;3
86;111;67;180;3
118;255;0;300;1
101;134;17;720;5
135;255;0;120;0
105;136;18;660;4
106;204;25;240;1
51;175;0;180;2
58;255;0;120;1
137;255;0;60;0
62;186;0;180;1
106;158;43;480;4
115;158;17;360;2
123;255;0;60;0
112;255;0;300;2
106;155;0;840;6
80;173;0;420;3
64;42;0;300;4
107;255;0;420;3
131;255;0;120;1
85;154;0;840;8
84;255;0;300;3
106;80;0;1140;6
96;77;0;1080;6
160;255;0;60;0
108;115;25;720;5
112;122;0;540;2
74;80;0;960;8
108;30;0;180;0
115;255;0;120;1
97;180;50;360;4
124;255;0;180;0
125;70;0;180;0
71;134;50;300;4
110;75;23;600;4
106;65;0;60;0
111;60;5;1440;8
167;255;80;300;2
109;145;0;300;1
108;89;11;1140;7
82;90;0;840;8
89;60;32;1320;14
94;97;7;900;7
75;33;16;1500;15
68;41;0;1320;13
78;96;0;420;3
86;255;100;180;3
53;41;13;480;6
74;67;0;360;2
43;112;0;300;3
100;194;20;300;2
82;255;100;60;1
116;200;0;240;0
140;255;0;60;0
120;255;25;240;2
113;61;0;1500;7
85;78;0;900;6
90;144;0;720;3
98;70;6;1140;7
116;133;0;660;3
108;255;0;180;1
106;209;29;420;5
100;255;20;300;2
101;255;0;60;0
53;255;0;60;0
52;68;0;600;7
100;89;40;1260;6
80;136;0;420;3
126;255;0;180;1
109;231;29;420;4
62;53;4;1260;11
70;137;8;720;5
109;255;0;360;2
97;136;0;660;4
82;83;0;60;0
112;255;34;180;2
104;203;0;420;2
92;109;29;840;7
